Iteration,Relative Error,a,b,c,f(a),f(b),f(c)
0,null,0.2,0.5,0.3858114674441205,-1.912,1.1749999999999998,0.20216871007526205
1,0.04827786964881424,0.2,0.3858114674441205,0.3680431292261965,-1.912,0.20216871007526205,0.029238283648830077
2,0.006924557178702241,0.2,0.3680431292261965,0.3655121196541427,-1.912,0.029238283648830077,0.004119122871658831
