Iteration,Relative Error,x,delta * x,f(x),f(x + delta*x)
0,null,120.0,1.2,-0.5682455953194108,-0.4606355862091789
1,0.05015740411344057,126.3367220207628,1.263367220207628,-0.024015578773742163,0.07777774402694604
2,0.002353695973712155,126.63478179680988,1.2663478179680987,1.900385057922449E-4,0.10172564635905701
