Iteration,Relative Error,Current X,f(x),f'(x)
0,null,120.0,-0.5682455953194108,0.09060965466145676
1,0.049665721762504854,126.27135813995248,-0.029339682944396372,0.0814970872764822
2,0.002842968407314794,126.63136711603846,-8.659993875426153E-5,0.08101670621758317
